{
  "project_info": {
    "project_number": "765516828705",
    "firebase_url": "https://edi-1-b2dda-default-rtdb.firebaseio.com",
    "project_id": "edi-1-b2dda",
    "storage_bucket": "edi-1-b2dda.appspot.com"
  },
  "client": [
    {
      "client_info": {
        "mobilesdk_app_id": "1:765516828705:android:69c4f57c3b83d7e6f3d360",
        "android_client_info": {
          "package_name": "com.example.edi2"
        }
      },
      "oauth_client": [
        {
          "client_id": "765516828705-uqsf1rs44kt7p1i1b3j9book5kof7dgp.apps.googleusercontent.com",
          "client_type": 3
        }
      ],
      "api_key": [
        {
          "current_key": "AIzaSyAA5UxymUk7dj1jbNwdGvcGHVHjalLZmMI"
        }
      ],
      "services": {
        "appinvite_service": {
          "other_platform_oauth_client": [
            {
              "client_id": "765516828705-uqsf1rs44kt7p1i1b3j9book5kof7dgp.apps.googleusercontent.com",
              "client_type": 3
            }
          ]
        }
      }
    },
    {
      "client_info": {
        "mobilesdk_app_id": "1:765516828705:android:d1c5d3e64b441d62f3d360",
        "android_client_info": {
          "package_name": "com.example.flutter_application_2"
        }
      },
      "oauth_client": [
        {
          "client_id": "765516828705-uqsf1rs44kt7p1i1b3j9book5kof7dgp.apps.googleusercontent.com",
          "client_type": 3
        }
      ],
      "api_key": [
        {
          "current_key": "AIzaSyAA5UxymUk7dj1jbNwdGvcGHVHjalLZmMI"
        }
      ],
      "services": {
        "appinvite_service": {
          "other_platform_oauth_client": [
            {
              "client_id": "765516828705-uqsf1rs44kt7p1i1b3j9book5kof7dgp.apps.googleusercontent.com",
              "client_type": 3
            }
          ]
        }
      }
    },
    {
      "client_info": {
        "mobilesdk_app_id": "1:765516828705:android:1d6a747045247175f3d360",
        "android_client_info": {
          "package_name": "com.example.home"
        }
      },
      "oauth_client": [
        {
          "client_id": "765516828705-uqsf1rs44kt7p1i1b3j9book5kof7dgp.apps.googleusercontent.com",
          "client_type": 3
        }
      ],
      "api_key": [
        {
          "current_key": "AIzaSyAA5UxymUk7dj1jbNwdGvcGHVHjalLZmMI"
        }
      ],
      "services": {
        "appinvite_service": {
          "other_platform_oauth_client": [
            {
              "client_id": "765516828705-uqsf1rs44kt7p1i1b3j9book5kof7dgp.apps.googleusercontent.com",
              "client_type": 3
            }
          ]
        }
      }
    }
  ],
  "configuration_version": "1"
}